error_count,error_rate,invocation_count,throttle_count,rps,composition
0.0,0.0,1029.0,0.0,200,blackboard
0.0,0.0,1799.0,0.0,300,blackboard
41.0,0.017424564385890354,2353.0,0.0,400,blackboard
55.0,0.015549901046084252,3537.0,0.0,500,blackboard
73.0,0.020442453094371326,3571.0,0.0,600,blackboard
